Domain,Status,Attractiveness,Demand,Length,Sectors,Created,Expires,Registrar
second.ngo,available,120,23%,6,"General,Mathematics",,,
tenth.ngo,available,116,7%,5,Mathematics,,,
flat.ngo,available,116,24%,4,"Construction,Real Estate",,,
eight.ngo,available,102,23%,5,"General,Mathematics",,,
third.ngo,available,100,16%,5,Mathematics,,,
eighth.ngo,available,100,6%,6,Mathematics,,,
sixth.ngo,available,100,8%,5,Mathematics,,,
crack.ngo,available,100,20%,5,Sports,,,
ninth.ngo,available,100,9%,5,Mathematics,,,
nought.ngo,available,92,4%,6,Mathematics,,,
twentieth.ngo,available,92,3%,9,Mathematics,,,
leash.ngo,available,90,7%,5,"General,Health and Fitness,Retail",,,
three.ngo,available,88,24%,5,Mathematics,,,
ten.ngo,available,88,28%,3,"General,Mathematics",,,
ace.ngo,available,88,34%,3,Sports,,,
hundred.ngo,available,88,14%,7,Mathematics,,,
twelve.ngo,available,88,18%,6,"General,Mathematics",,,
fifteen.ngo,available,88,13%,7,Mathematics,,,
sixteen.ngo,available,88,11%,7,Mathematics,,,
xix.ngo,available,86,11%,3,Mathematics,,,
cipher.ngo,available,86,29%,6,Mathematics,,,
xiv.ngo,available,86,12%,3,Mathematics,,,
grand.ngo,available,84,25%,5,"Finance,General",,,
fourteen.ngo,available,84,8%,8,Mathematics,,,
nineteen.ngo,available,84,8%,8,Mathematics,,,
thousand.ngo,available,84,8%,8,Mathematics,,,
seventeen.ngo,available,84,7%,9,Mathematics,,,
thirteen.ngo,available,84,10%,8,Mathematics,,,
twentyone.ngo,available,84,13%,10,Mathematics,,,
twentytwo.ngo,available,84,11%,10,Mathematics,,,
dozen.ngo,available,82,10%,5,Mathematics,,,
fivesome.ngo,available,82,1%,8,Sports,,,
decade.ngo,available,82,10%,6,Mathematics,,,
seventh.ngo,available,80,10%,7,Mathematics,,,
twenty.ngo,available,80,12%,6,Mathematics,,,
forty.ngo,available,80,9%,5,Mathematics,,,
trio.ngo,available,80,21%,4,Entertainment,,,
first.ngo,available,80,36%,5,"General,Mathematics",,,
two.ngo,available,80,24%,3,Mathematics,,,
yard.ngo,available,80,26%,4,"Construction,General",,,
nine.ngo,available,80,24%,4,"General,Mathematics",,,
twentysix.ngo,available,78,8%,10,Mathematics,,,
sixtynine.ngo,available,78,8%,10,Mathematics,,,
firstrate.ngo,available,76,6%,10,Business,,,
hundredth.ngo,available,76,1%,9,Mathematics,,,
thirteenth.ngo,available,76,4%,10,Mathematics,,,
eighteen.ngo,available,76,7%,8,Mathematics,,,
fourteenth.ngo,available,76,1%,10,Mathematics,,,
thousandth.ngo,available,76,1%,10,Mathematics,,,
fifteenth.ngo,available,76,2%,9,Mathematics,,,
nineteenth.ngo,available,76,3%,10,Mathematics,,,
threed.ngo,available,76,7%,7,Technology,,,
single.ngo,available,74,19%,6,Sports,,,
trey.ngo,available,72,14%,4,Sports,,,
seventieth.ngo,available,72,1%,10,Mathematics,,,
ternary.ngo,available,72,7%,7,Mathematics,,,
ninetieth.ngo,available,72,1%,9,Mathematics,,,
sixtieth.ngo,available,72,1%,8,Mathematics,,,
eightieth.ngo,available,72,1%,9,Mathematics,,,
tiptop.ngo,available,70,24%,6,Fashion,,,
unity.ngo,available,70,40%,5,Mathematics,,,
ennead.ngo,available,68,5%,6,Mathematics,,,
sevener.ngo,available,68,1%,7,Mathematics,,,
octonary.ngo,available,68,1%,8,Mathematics,,,
ane.ngo,available,68,12%,3,Mathematics,,,
fortieth.ngo,available,68,0%,8,Mathematics,,,
foursome.ngo,available,68,4%,8,Sports,,,
thirtieth.ngo,available,68,1%,9,Mathematics,,,
septenary.ngo,available,68,1%,9,Mathematics,,,
threesome.ngo,available,68,5%,9,Entertainment,,,
fiftieth.ngo,available,68,0%,8,Mathematics,,,
xiii.ngo,available,66,9%,4,Mathematics,,,
latest.ngo,available,66,18%,6,Technology,,,
six.ngo,available,66,26%,3,Mathematics,,,
deuce.ngo,available,66,9%,5,Sports,,,
xxi.ngo,available,66,10%,3,Mathematics,,,
five.ngo,available,66,26%,4,Mathematics,,,
xvi.ngo,available,66,5%,3,Mathematics,,,
eighty.ngo,available,66,6%,6,Mathematics,,,
xxv.ngo,available,66,6%,3,Mathematics,,,
xii.ngo,available,66,10%,3,Mathematics,,,
fifty.ngo,available,66,12%,5,Mathematics,,,
xviii.ngo,available,66,5%,5,Mathematics,,,
xvii.ngo,available,66,5%,4,Mathematics,,,
acappella.ngo,available,66,6%,10,Entertainment,,,
onec.ngo,available,66,6%,5,Mathematics,,,
xxvi.ngo,available,66,3%,4,Mathematics,,,
ninety.ngo,available,66,11%,6,Mathematics,,,
xxii.ngo,available,66,6%,4,Mathematics,,,
clv.ngo,available,66,10%,3,Mathematics,,,
thirty.ngo,available,66,8%,6,Mathematics,,,
tenner.ngo,available,66,5%,6,Finance,,,
sextet.ngo,available,66,1%,6,Entertainment,,,
century.ngo,available,66,17%,7,Education,,,
four.ngo,expired,66,27%,4,Mathematics,19/06/2024 20:52,19/06/2025 20:52,Tucows Domains Inc.
eighteenth.ngo,available,62,1%,10,Mathematics,,,
chiliad.ngo,available,62,2%,7,Mathematics,,,
longdozen.ngo,available,62,2%,10,Mathematics,,,
fortyfour.ngo,available,62,6%,10,Mathematics,,,
troika.ngo,available,62,8%,6,Politics,,,
eleventh.ngo,available,62,5%,8,Mathematics,,,
sixteenth.ngo,available,62,1%,9,Mathematics,,,
quartet.ngo,available,62,7%,7,"Arts,Entertainment",,,
twodozen.ngo,available,62,1%,9,Mathematics,,,
clx.ngo,available,60,10%,3,Mathematics,,,
cxxx.ngo,available,60,4%,4,Mathematics,,,
eightysix.ngo,available,60,7%,10,Mathematics,,,
xcl.ngo,available,60,5%,3,Mathematics,,,
cxl.ngo,available,60,7%,3,Mathematics,,,
sixty.ngo,available,60,13%,5,Mathematics,,,
cxxxv.ngo,available,60,2%,5,Mathematics,,,
cxv.ngo,available,60,4%,3,Mathematics,,,
cxxv.ngo,available,60,1%,4,Mathematics,,,
tertiary.ngo,available,60,4%,8,Education,,,
clxv.ngo,available,60,1%,4,Mathematics,,,
clxxx.ngo,available,60,1%,5,Mathematics,,,
clxxv.ngo,available,60,1%,5,Mathematics,,,
cxlv.ngo,available,60,2%,4,Mathematics,,,
cxx.ngo,available,60,10%,3,Mathematics,,,
clxx.ngo,available,60,3%,4,Mathematics,,,
thou.ngo,available,60,7%,4,Mathematics,,,
heptad.ngo,available,58,1%,6,Mathematics,,,
seventy.ngo,available,58,7%,7,Mathematics,,,
lxxx.ngo,available,58,2%,4,Mathematics,,,
sixer.ngo,available,58,5%,5,Sports,,,
eighter.ngo,available,58,2%,7,Mathematics,,,
alacarte.ngo,available,58,11%,10,Food and Beverage,,,
twelfth.ngo,available,58,2%,7,Mathematics,,,
tetrad.ngo,available,58,5%,6,Mathematics,,,
niner.ngo,available,58,5%,5,Mathematics,,,
sixtyone.ngo,available,58,3%,9,Mathematics,,,
fifth.ngo,available,58,12%,5,Mathematics,,,
centesimal.ngo,available,58,1%,10,Mathematics,,,
pentad.ngo,available,58,2%,6,Mathematics,,,
octad.ngo,available,58,5%,5,Mathematics,,,
hexad.ngo,available,58,4%,5,Mathematics,,,
fourth.ngo,available,58,13%,6,Mathematics,,,
sextuplet.ngo,available,58,1%,9,Healthcare,,,
cypher.ngo,available,58,29%,6,Mathematics,,,
fourscore.ngo,available,58,4%,9,Mathematics,,,
seven.ngo,available,58,36%,5,Mathematics,,,
xlvii.ngo,available,56,2%,5,Mathematics,,,
liii.ngo,available,56,4%,4,Mathematics,,,
halfdozen.ngo,available,56,1%,10,Mathematics,,,
lviii.ngo,available,56,1%,5,Mathematics,,,
fiftysix.ngo,available,56,4%,9,Mathematics,,,
xlviii.ngo,available,56,1%,6,Mathematics,,,
xliii.ngo,available,56,1%,5,Mathematics,,,
xlv.ngo,available,56,6%,3,Mathematics,,,
lii.ngo,available,56,7%,3,Mathematics,,,
xxxv.ngo,available,56,4%,4,Mathematics,,,
xxxiii.ngo,available,56,2%,6,Mathematics,,,
xxix.ngo,available,56,4%,4,Mathematics,,,
xlii.ngo,available,56,5%,4,Mathematics,,,
lvi.ngo,available,56,8%,3,Mathematics,,,
thirtytwo.ngo,available,56,5%,10,Mathematics,,,
fiftynine.ngo,available,56,4%,10,Mathematics,,,
thirtysix.ngo,available,56,5%,10,Mathematics,,,
fiftyone.ngo,available,56,7%,9,Mathematics,,,
xxxii.ngo,available,56,1%,5,Mathematics,,,
thirtyone.ngo,available,56,5%,10,Mathematics,,,
xlvi.ngo,available,56,3%,4,Mathematics,,,
fortynine.ngo,available,56,3%,10,Mathematics,,,
xxxi.ngo,available,56,9%,4,Mathematics,,,
xxviii.ngo,available,56,1%,6,Mathematics,,,
aone.ngo,available,56,15%,5,Food and Beverage,,,
xxiv.ngo,available,56,5%,4,Mathematics,,,
xliv.ngo,available,56,2%,4,Mathematics,,,
xxxiv.ngo,available,56,1%,5,Mathematics,,,
xxiii.ngo,available,56,5%,5,Mathematics,,,
lvii.ngo,available,56,1%,4,Mathematics,,,
fortytwo.ngo,available,56,17%,9,Mathematics,,,
xxvii.ngo,available,56,3%,5,Mathematics,,,
fortyone.ngo,available,56,4%,9,Mathematics,,,
fortysix.ngo,available,56,3%,9,Mathematics,,,
xli.ngo,available,56,5%,3,Mathematics,,,
fiftyfive.ngo,available,56,7%,10,Mathematics,,,
xxxvi.ngo,available,56,1%,5,Mathematics,,,
ilx.ngo,available,56,5%,3,Mathematics,,,
xxxviii.ngo,available,56,1%,7,Mathematics,,,
fiftyfour.ngo,available,56,3%,10,Mathematics,,,
xxxvii.ngo,available,56,2%,6,Mathematics,,,
fiftytwo.ngo,available,56,6%,9,Mathematics,,,
viii.ngo,available,54,6%,4,Mathematics,,,
threescore.ngo,available,54,1%,10,Mathematics,,,
vii.ngo,available,54,13%,3,Mathematics,,,
quatern.ngo,available,54,2%,7,Mathematics,,,
deuceace.ngo,available,54,2%,9,Sports,,,
twoscore.ngo,available,54,2%,8,Mathematics,,,
topnotch.ngo,available,54,18%,8,Business,,,
fortyfive.ngo,available,54,4%,10,Mathematics,,,
quaternion.ngo,available,54,6%,10,Mathematics,,,
quaternity.ngo,available,54,4%,10,Mathematics,,,
lxiii.ngo,available,52,2%,5,Mathematics,,,
lxxxi.ngo,available,52,1%,5,Mathematics,,,
ixc.ngo,available,52,5%,3,Mathematics,,,
lxvii.ngo,available,52,1%,5,Mathematics,,,
lxxxiii.ngo,available,52,1%,7,Mathematics,,,
lxxiv.ngo,available,52,1%,5,Mathematics,,,
lxxxii.ngo,available,52,1%,6,Mathematics,,,
xciii.ngo,available,52,1%,5,Mathematics,,,
lxxi.ngo,available,52,1%,4,Mathematics,,,
ninetytwo.ngo,available,52,4%,10,Mathematics,,,
xcv.ngo,available,52,7%,3,Mathematics,,,
lxviii.ngo,available,52,1%,6,Mathematics,,,
lxv.ngo,available,52,5%,3,Mathematics,,,
ninetyone.ngo,available,52,5%,10,Mathematics,,,
lxi.ngo,available,52,5%,3,Mathematics,,,
lxxv.ngo,available,52,1%,4,Mathematics,,,
eightytwo.ngo,available,52,4%,10,Mathematics,,,
xcviii.ngo,available,52,1%,6,Mathematics,,,
sixtyfour.ngo,available,52,3%,10,Mathematics,,,
lxxvi.ngo,available,52,1%,5,Mathematics,,,
ixl.ngo,available,52,9%,3,Mathematics,,,
xcii.ngo,available,52,2%,4,Mathematics,,,
xci.ngo,available,52,4%,3,Mathematics,,,
lxxxiv.ngo,available,52,1%,6,Mathematics,,,
xcvi.ngo,available,52,2%,4,Mathematics,,,
ninetysix.ngo,available,52,4%,10,Mathematics,,,
sixtytwo.ngo,available,52,3%,9,Mathematics,,,
lxiv.ngo,available,52,3%,4,Mathematics,,,
lxxxvii.ngo,available,52,1%,7,Mathematics,,,
lxvi.ngo,available,52,3%,4,Mathematics,,,
lxxxv.ngo,available,52,1%,5,Mathematics,,,
lxxiii.ngo,available,52,1%,6,Mathematics,,,
lxxxvi.ngo,available,52,1%,6,Mathematics,,,
eightyone.ngo,available,52,3%,10,Mathematics,,,
lxii.ngo,available,52,1%,4,Mathematics,,,
lxxii.ngo,available,52,1%,5,Mathematics,,,
xcvii.ngo,available,52,1%,5,Mathematics,,,
sixtyfive.ngo,available,52,3%,10,Mathematics,,,
xciv.ngo,available,52,2%,4,Mathematics,,,
lxxvii.ngo,available,52,2%,6,Mathematics,,,
sixtysix.ngo,available,52,4%,9,Mathematics,,,
lxx.ngo,available,50,5%,3,Mathematics,,,
ogdoad.ngo,available,50,1%,6,Mathematics,,,
cinque.ngo,available,50,7%,6,Mathematics,,,
triplet.ngo,available,50,8%,7,Science,,,
lxxxviii.ngo,available,48,1%,8,Mathematics,,,
quaternary.ngo,available,46,3%,10,Mathematics,,,